Id,CreatedById,CreatedDate,FSL__Scheduling_Policy__c,FSL__Work_Rule__c,IsDeleted,LastModifiedById,LastModifiedDate,Name,SystemModstamp
a0p2o00000NMKJRAA5,0052o000009WY9nAAG,2020-04-20T17:33:42.000+0000,a0q2o00000R6FbiAAF,a122o00000IarKOAAZ,False,0052o000009WY9nAAG,2020-04-20T17:33:42.000+0000,8,2020-04-20T17:33:42.000+0000
a0p2o00000NMKJSAA5,0052o000009WY9nAAG,2020-04-20T17:33:42.000+0000,a0q2o00000R6FbiAAF,a122o00000IarKPAAZ,False,0052o000009WY9nAAG,2020-04-20T17:33:42.000+0000,9,2020-04-20T17:33:42.000+0000
a0p2o00000NMKJTAA5,0052o000009WY9nAAG,2020-04-20T17:33:42.000+0000,a0q2o00000R6FbiAAF,a122o00000IarKQAAZ,False,0052o000009WY9nAAG,2020-04-20T17:33:42.000+0000,10,2020-04-20T17:33:42.000+0000
a0p2o00000NMKJUAA5,0052o000009WY9nAAG,2020-04-20T17:33:42.000+0000,a0q2o00000R6FbiAAF,a122o00000IarKRAAZ,False,0052o000009WY9nAAG,2020-04-20T17:33:42.000+0000,11,2020-04-20T17:33:42.000+0000
a0p2o00000NMKJVAA5,0052o000009WY9nAAG,2020-04-20T17:33:42.000+0000,a0q2o00000R6FbiAAF,a122o00000IarKTAAZ,False,0052o000009WY9nAAG,2020-04-20T17:33:42.000+0000,12,2020-04-20T17:33:42.000+0000
a0p2o00000NMKJWAA5,0052o000009WY9nAAG,2020-04-20T17:33:42.000+0000,a0q2o00000R6FbiAAF,a122o00000IarKVAAZ,False,0052o000009WY9nAAG,2020-04-20T17:33:42.000+0000,13,2020-04-20T17:33:42.000+0000
a0p2o00000NMKJXAA5,0052o000009WY9nAAG,2020-04-20T17:33:42.000+0000,a0q2o00000R6FbiAAF,a122o00000IarKWAAZ,False,0052o000009WY9nAAG,2020-04-20T17:33:42.000+0000,14,2020-04-20T17:33:42.000+0000
a0p2o00000NMKJYAA5,0052o000009WY9nAAG,2020-04-20T17:33:42.000+0000,a0q2o00000R6FbiAAF,a122o00000IarKYAAZ,False,0052o000009WY9nAAG,2020-04-20T17:33:42.000+0000,15,2020-04-20T17:33:42.000+0000
a0p2o00000NMKJZAA5,0052o000009WY9nAAG,2020-04-20T17:33:42.000+0000,a0q2o00000R6FbiAAF,a122o00000IarKZAAZ,False,0052o000009WY9nAAG,2020-04-20T17:33:42.000+0000,16,2020-04-20T17:33:42.000+0000
a0p2o00000NMKJaAAP,0052o000009WY9nAAG,2020-04-20T17:33:43.000+0000,a0q2o00000R6FbhAAF,a122o00000IarKOAAZ,False,0052o000009WY9nAAG,2020-04-20T17:33:43.000+0000,17,2020-04-20T17:33:43.000+0000
a0p2o00000NMKJbAAP,0052o000009WY9nAAG,2020-04-20T17:33:43.000+0000,a0q2o00000R6FbhAAF,a122o00000IarKPAAZ,False,0052o000009WY9nAAG,2020-04-20T17:33:43.000+0000,18,2020-04-20T17:33:43.000+0000
a0p2o00000NMKJcAAP,0052o000009WY9nAAG,2020-04-20T17:33:43.000+0000,a0q2o00000R6FbhAAF,a122o00000IarKQAAZ,False,0052o000009WY9nAAG,2020-04-20T17:33:43.000+0000,19,2020-04-20T17:33:43.000+0000
a0p2o00000NMKJdAAP,0052o000009WY9nAAG,2020-04-20T17:33:43.000+0000,a0q2o00000R6FbhAAF,a122o00000IarKRAAZ,False,0052o000009WY9nAAG,2020-04-20T17:33:43.000+0000,20,2020-04-20T17:33:43.000+0000
a0p2o00000NMKJeAAP,0052o000009WY9nAAG,2020-04-20T17:33:43.000+0000,a0q2o00000R6FbhAAF,a122o00000IarKTAAZ,False,0052o000009WY9nAAG,2020-04-20T17:33:43.000+0000,21,2020-04-20T17:33:43.000+0000
a0p2o00000NMKJfAAP,0052o000009WY9nAAG,2020-04-20T17:33:43.000+0000,a0q2o00000R6FbhAAF,a122o00000IarKVAAZ,False,0052o000009WY9nAAG,2020-04-20T17:33:43.000+0000,22,2020-04-20T17:33:43.000+0000
a0p2o00000NMKJgAAP,0052o000009WY9nAAG,2020-04-20T17:33:43.000+0000,a0q2o00000R6FbhAAF,a122o00000IarKWAAZ,False,0052o000009WY9nAAG,2020-04-20T17:33:43.000+0000,23,2020-04-20T17:33:43.000+0000
a0p2o00000NMKJhAAP,0052o000009WY9nAAG,2020-04-20T17:33:43.000+0000,a0q2o00000R6FbhAAF,a122o00000IarKYAAZ,False,0052o000009WY9nAAG,2020-04-20T17:33:43.000+0000,24,2020-04-20T17:33:43.000+0000
a0p2o00000NMKJiAAP,0052o000009WY9nAAG,2020-04-20T17:33:43.000+0000,a0q2o00000R6FbhAAF,a122o00000IarKZAAZ,False,0052o000009WY9nAAG,2020-04-20T17:33:43.000+0000,25,2020-04-20T17:33:43.000+0000
a0p2o00000NMKJjAAP,0052o000009WY9nAAG,2020-04-20T17:33:43.000+0000,a0q2o00000R6FbjAAF,a122o00000IarKOAAZ,False,0052o000009WY9nAAG,2020-04-20T17:33:43.000+0000,26,2020-04-20T17:33:43.000+0000
a0p2o00000NMKJkAAP,0052o000009WY9nAAG,2020-04-20T17:33:43.000+0000,a0q2o00000R6FbjAAF,a122o00000IarKPAAZ,False,0052o000009WY9nAAG,2020-04-20T17:33:43.000+0000,27,2020-04-20T17:33:43.000+0000
a0p2o00000NMKJlAAP,0052o000009WY9nAAG,2020-04-20T17:33:43.000+0000,a0q2o00000R6FbjAAF,a122o00000IarKQAAZ,False,0052o000009WY9nAAG,2020-04-20T17:33:43.000+0000,28,2020-04-20T17:33:43.000+0000
a0p2o00000NMKJmAAP,0052o000009WY9nAAG,2020-04-20T17:33:43.000+0000,a0q2o00000R6FbjAAF,a122o00000IarKTAAZ,False,0052o000009WY9nAAG,2020-04-20T17:33:43.000+0000,29,2020-04-20T17:33:43.000+0000
a0p2o00000NMKJnAAP,0052o000009WY9nAAG,2020-04-20T17:33:43.000+0000,a0q2o00000R6FbjAAF,a122o00000IarKVAAZ,False,0052o000009WY9nAAG,2020-04-20T17:33:43.000+0000,30,2020-04-20T17:33:43.000+0000
a0p2o00000NMKJoAAP,0052o000009WY9nAAG,2020-04-20T17:33:43.000+0000,a0q2o00000R6FbjAAF,a122o00000IarKWAAZ,False,0052o000009WY9nAAG,2020-04-20T17:33:43.000+0000,31,2020-04-20T17:33:43.000+0000
a0p2o00000NMKJpAAP,0052o000009WY9nAAG,2020-04-20T17:33:43.000+0000,a0q2o00000R6FbjAAF,a122o00000IarKYAAZ,False,0052o000009WY9nAAG,2020-04-20T17:33:43.000+0000,32,2020-04-20T17:33:43.000+0000
a0p2o00000NMKJqAAP,0052o000009WY9nAAG,2020-04-20T17:33:43.000+0000,a0q2o00000R6FbjAAF,a122o00000IarKZAAZ,False,0052o000009WY9nAAG,2020-04-20T17:33:43.000+0000,33,2020-04-20T17:33:43.000+0000
a0p2o00000NMKJrAAP,0052o000009WY9nAAG,2020-04-20T17:33:43.000+0000,a0q2o00000R6FbkAAF,a122o00000IarKOAAZ,False,0052o000009WY9nAAG,2020-04-20T17:33:43.000+0000,34,2020-04-20T17:33:43.000+0000
a0p2o00000NMKJsAAP,0052o000009WY9nAAG,2020-04-20T17:33:43.000+0000,a0q2o00000R6FbkAAF,a122o00000IarKRAAZ,False,0052o000009WY9nAAG,2020-04-20T17:33:43.000+0000,35,2020-04-20T17:33:43.000+0000
a0p2o00000NMKJtAAP,0052o000009WY9nAAG,2020-04-20T17:33:43.000+0000,a0q2o00000R6FbkAAF,a122o00000IarKTAAZ,False,0052o000009WY9nAAG,2020-04-20T17:33:43.000+0000,36,2020-04-20T17:33:43.000+0000
a0p2o00000NMKJuAAP,0052o000009WY9nAAG,2020-04-20T17:33:43.000+0000,a0q2o00000R6FbkAAF,a122o00000IarKWAAZ,False,0052o000009WY9nAAG,2020-04-20T17:33:43.000+0000,37,2020-04-20T17:33:43.000+0000
a0p2o00000NMKJJAA5,0052o000009WY9nAAG,2020-04-20T17:33:42.000+0000,a0q2o00000R6FbhAAF,a122o00000IarKNAAZ,False,0052o000009WY9nAAG,2020-04-20T17:33:42.000+0000,0,2020-04-20T17:33:42.000+0000
a0p2o00000NMKJKAA5,0052o000009WY9nAAG,2020-04-20T17:33:42.000+0000,a0q2o00000R6FbhAAF,a122o00000IarKMAAZ,False,0052o000009WY9nAAG,2020-04-20T17:33:42.000+0000,1,2020-04-20T17:33:42.000+0000
a0p2o00000NMKJLAA5,0052o000009WY9nAAG,2020-04-20T17:33:42.000+0000,a0q2o00000R6FbiAAF,a122o00000IarKNAAZ,False,0052o000009WY9nAAG,2020-04-20T17:33:42.000+0000,2,2020-04-20T17:33:42.000+0000
a0p2o00000NMKJMAA5,0052o000009WY9nAAG,2020-04-20T17:33:42.000+0000,a0q2o00000R6FbiAAF,a122o00000IarKMAAZ,False,0052o000009WY9nAAG,2020-04-20T17:33:42.000+0000,3,2020-04-20T17:33:42.000+0000
a0p2o00000NMKJNAA5,0052o000009WY9nAAG,2020-04-20T17:33:42.000+0000,a0q2o00000R6FbjAAF,a122o00000IarKNAAZ,False,0052o000009WY9nAAG,2020-04-20T17:33:42.000+0000,4,2020-04-20T17:33:42.000+0000
a0p2o00000NMKJOAA5,0052o000009WY9nAAG,2020-04-20T17:33:42.000+0000,a0q2o00000R6FbjAAF,a122o00000IarKMAAZ,False,0052o000009WY9nAAG,2020-04-20T17:33:42.000+0000,5,2020-04-20T17:33:42.000+0000
a0p2o00000NMKJPAA5,0052o000009WY9nAAG,2020-04-20T17:33:42.000+0000,a0q2o00000R6FbkAAF,a122o00000IarKNAAZ,False,0052o000009WY9nAAG,2020-04-20T17:33:42.000+0000,6,2020-04-20T17:33:42.000+0000
a0p2o00000NMKJQAA5,0052o000009WY9nAAG,2020-04-20T17:33:42.000+0000,a0q2o00000R6FbkAAF,a122o00000IarKMAAZ,False,0052o000009WY9nAAG,2020-04-20T17:33:42.000+0000,7,2020-04-20T17:33:42.000+0000
a0p2o00000NGQMYAA5,0052o000009WYLjAAO,2021-02-12T08:29:34.000+0000,a0q2o00000R6FbhAAF,a122o00000ImpPoAAJ,False,0052o000009WYLjAAO,2021-02-12T08:29:34.000+0000,54,2021-02-12T08:29:34.000+0000
a0p2o00000LAlfqAAD,0052o000009WYLeAAO,2020-06-21T14:29:15.000+0000,a0q2o00000R6FbhAAF,a122o00000IJ4muAAD,False,0052o000009WYLeAAO,2020-06-21T14:29:15.000+0000,39,2020-06-21T14:29:15.000+0000
a0p2o00000LAlflAAD,0052o000009WYLeAAO,2020-06-21T14:29:09.000+0000,a0q2o00000R6FbhAAF,a122o00000IJ4mzAAD,False,0052o000009WYLeAAO,2020-06-21T14:29:09.000+0000,38,2020-06-21T14:29:09.000+0000
